{
    "name": "jinx",
    "factorio_version": "2.0",
    "version": "1.0.2",
    "title": "金克丝皮肤 [Jinx Arcane]",
    "author": "plexpt",
    "contact": "1125094786",
    "homepage": "",
    "dependencies": [
        "? minime",
        "CharacterModHelper"
    ],
    "description": "双城之战金克丝皮肤\nA high-quality character appearance mod designed for players who crave the ultimate visual experience. Each character is meticulously crafted and optimized to deliver unparalleled clarity and realism, elevating your gaming experience to new heights."
}